brand,name,year,fuel_type,transmission,engine,mileage,price,currency,image,description,page,source_url,scraped_date
Honda,Honda Civic 2014 for sale in Bahawalpur,2014,Petrol,Automatic,1800cc,"121,000 km",3500000,PKR,https://cache4.pakwheels.com/ad_pictures/1522/honda-civic-vti-1-8-i-vtec-oriel-prosmatec-2014-152226533.jpg,Honda Civic 2014 for sale in Bahawalpur,1,https://www.pakwheels.com/used-cars/search/-/featured_1/,2026-09-25
Toyota,Toyota Corolla 2011 for sale in Faisalabad,2011,Petrol,Manual,1300cc,"260,000 km",2300000,PKR,https://cache4.pakwheels.com/ad_pictures/1522/toyota-corolla-gli-vvti-2011-152226308.jpg,Toyota Corolla 2011 for sale in Faisalabad,1,https://www.pakwheels.com/used-cars/search/-/featured_1/,2026-09-25
Toyota,Toyota Corolla 2011 for sale in Bahawalpur,2011,Petrol,Manual,1300cc,"150,000 km",3000000,PKR,https://cache2.pakwheels.com/ad_pictures/1470/toyota-corolla-xli-vvti-2011-147037717.jpg,Toyota Corolla 2011 for sale in Bahawalpur,1,https://www.pakwheels.com/used-cars/search/-/featured_1/,2026-09-25
Honda,Honda City 2010 for sale in Rawalpindi,2010,Petrol,Manual,1300cc,"190,000 km",2650000,PKR,https://cache3.pakwheels.com/ad_pictures/1519/honda-city-i-vtec-2-2010-151920004.jpg,Honda City 2010 for sale in Rawalpindi,1,https://www.pakwheels.com/used-cars/search/-/featured_1/,2026-09-25
Toyota,Toyota Raize 2020 for sale in Lahore,2020,Petrol,Automatic,1000cc,"50,500 km",5800000,PKR,https://cache2.pakwheels.com/ad_pictures/1510/toyota-raize-z-5-2020-151049436.jpg,Toyota Raize 2020 for sale in Lahore,1,https://www.pakwheels.com/used-cars/search/-/featured_1/,2026-09-25
Toyota,Toyota Passo 2021 for sale in Lahore,2021,Petrol,Automatic,1000cc,"32,000 km",3980000,PKR,https://cache4.pakwheels.com/ad_pictures/1509/toyota-passo-1-0-x-2021-150967870.jpg,Toyota Passo 2021 for sale in Lahore,1,https://www.pakwheels.com/used-cars/search/-/featured_1/,2026-09-25
Toyota,Toyota Corolla Axio 2007 for sale in Islamabad,2007,Petrol,Automatic,1500cc,"327,000 km",3500000,PKR,https://cache2.pakwheels.com/ad_pictures/1522/toyota-corolla-axio-x-special-edition-1-5-2007-152224359.jpg,Toyota Corolla Axio 2007 for sale in Islamabad,1,https://www.pakwheels.com/used-cars/search/-/featured_1/,2026-09-25
Honda,Honda Civic 2021 for sale in Islamabad,2021,Petrol,Automatic,1800cc,"48,016 km",6650000,PKR,https://cache4.pakwheels.com/ad_pictures/1522/honda-civic-oriel-1-8-i-vtec-cvt-2021-152226039.jpg,Honda Civic 2021 for sale in Islamabad,1,https://www.pakwheels.com/used-cars/search/-/featured_1/,2026-09-25
Mitsubishi,Mitsubishi Lancer 2005 for sale in Islamabad,2005,Petrol,Manual,1300cc,"158,455 km",1745000,PKR,https://cache1.pakwheels.com/ad_pictures/1519/mitsubishi-lancer-1-3-glx-2007-facelift-2005-151972118.jpg,Mitsubishi Lancer 2005 for sale in Islamabad,1,https://www.pakwheels.com/used-cars/search/-/featured_1/,2026-09-25
KIA,KIA Sportage 2020 for sale in Islamabad,2020,Petrol,Automatic,2000cc,"71,010 km",6150000,PKR,https://cache4.pakwheels.com/ad_pictures/1494/kia-sportage-fwd-2020-149469282.jpg,KIA Sportage 2020 for sale in Islamabad,1,https://www.pakwheels.com/used-cars/search/-/featured_1/,2026-09-25
Toyota,Toyota Hilux 2025 for sale in Islamabad,2025,Diesel,Automatic,2800cc,"14,700 km",15500000,PKR,https://cache1.pakwheels.com/ad_pictures/1522/toyota-hilux-revo-gr-s-2025-152225883.jpg,Toyota Hilux 2025 for sale in Islamabad,1,https://www.pakwheels.com/used-cars/search/-/featured_1/,2026-09-25
Toyota,Toyota Vitz 2011 for sale in Rawalpindi,2011,Petrol,Automatic,1000cc,"138,000 km",2650000,PKR,https://cache3.pakwheels.com/ad_pictures/1522/toyota-vitz-1-0-f-2011-152218961.jpg,Toyota Vitz 2011 for sale in Rawalpindi,1,https://www.pakwheels.com/used-cars/search/-/featured_1/,2026-09-25
Suzuki,Suzuki Cultus 2014 for sale in Lahore,2014,Petrol,Manual,1000cc,"148,000 km",1235000,PKR,https://cache2.pakwheels.com/ad_pictures/1522/suzuki-cultus-vxri-euro-ii-2014-152225692.jpg,Suzuki Cultus 2014 for sale in Lahore,1,https://www.pakwheels.com/used-cars/search/-/featured_1/,2026-09-25
Suzuki,Suzuki Alto 2024 for sale in Karachi,2024,Petrol,Automatic,660cc,"32,000 km",3125000,PKR,https://cache4.pakwheels.com/ad_pictures/1522/suzuki-alto-vxl-2-2024-152225649.jpg,Suzuki Alto 2024 for sale in Karachi,1,https://www.pakwheels.com/used-cars/search/-/featured_1/,2026-09-25
Toyota,Toyota Yaris Hatchback 2022 for sale in Lahore,2022,Petrol,Automatic,1000cc,"41,000 km",4500000,PKR,https://cache3.pakwheels.com/ad_pictures/1522/toyota-yaris-hatchback-x-50-2022-152225441.jpg,Toyota Yaris Hatchback 2022 for sale in Lahore,1,https://www.pakwheels.com/used-cars/search/-/featured_1/,2026-09-25
Suzuki,Suzuki Cultus 2013 for sale in Lahore,2013,Petrol,Manual,1000cc,"81,000 km",1185000,PKR,https://cache2.pakwheels.com/ad_pictures/1522/suzuki-cultus-vxri-euro-ii-2013-152225403.jpg,Suzuki Cultus 2013 for sale in Lahore,1,https://www.pakwheels.com/used-cars/search/-/featured_1/,2026-09-25
Toyota,Toyota Hilux 2023 for sale in Karachi,2023,Diesel,Automatic,2800cc,"24,000 km",13850000,PKR,https://cache2.pakwheels.com/ad_pictures/1521/toyota-hilux-revo-rocco-2023-152157997.jpg,Toyota Hilux 2023 for sale in Karachi,1,https://www.pakwheels.com/used-cars/search/-/featured_1/,2026-09-25
Suzuki,Suzuki Cultus 2018 for sale in Lahore,2018,Petrol,Manual,1000cc,"120,382 km",2290000,PKR,https://cache1.pakwheels.com/ad_pictures/1462/suzuki-cultus-vxr-2018-146277138.jpg,Suzuki Cultus 2018 for sale in Lahore,1,https://www.pakwheels.com/used-cars/search/-/featured_1/,2026-09-25
MG,MG HS 2023 for sale in Lahore,2023,Petrol,Automatic,1500cc,"22,000 km",6400000,PKR,https://cache1.pakwheels.com/ad_pictures/1512/mg-hs-2-trophy-2023-151261386.jpg,MG HS 2023 for sale in Lahore,1,https://www.pakwheels.com/used-cars/search/-/featured_1/,2026-09-25
Honda,Honda City 2022 for sale in Lahore,2022,Petrol,Automatic,1500cc,"44,000 km",5000000,PKR,https://cache4.pakwheels.com/ad_pictures/1516/honda-city-1-5l-aspire-cvt-2022-151698415.jpg,Honda City 2022 for sale in Lahore,1,https://www.pakwheels.com/used-cars/search/-/featured_1/,2026-09-25
Toyota,Toyota Corolla 2021 for sale in Lahore,2021,Petrol,Automatic,1800cc,"27,000 km",6400000,PKR,https://cache1.pakwheels.com/ad_pictures/1487/toyota-corolla-altis-grande-x-cvt-i-1-8-beige-2021-148767087.jpg,Toyota Corolla 2021 for sale in Lahore,1,https://www.pakwheels.com/used-cars/search/-/featured_1/,2026-09-25
Hyundai,Hyundai Tucson 2021 for sale in Lahore,2021,Petrol,Automatic,2000cc,"74,000 km",5950000,PKR,https://cache2.pakwheels.com/ad_pictures/1502/hyundai-tucson-awd-a-t-ultimate-2021-150203058.jpg,Hyundai Tucson 2021 for sale in Lahore,1,https://www.pakwheels.com/used-cars/search/-/featured_1/,2026-09-25
Toyota,Toyota Corolla 2016 for sale in Lahore,2016,Petrol,Manual,1300cc,"115,000 km",3750000,PKR,https://cache1.pakwheels.com/ad_pictures/1507/toyota-corolla-gli-vvti-2016-150792585.jpg,Toyota Corolla 2016 for sale in Lahore,1,https://www.pakwheels.com/used-cars/search/-/featured_1/,2026-09-25
Haval,Haval H6 2023 for sale in Lahore,2023,Hybrid,Automatic,1500cc,"51,000 km",9600000,PKR,https://cache4.pakwheels.com/ad_pictures/1479/haval-h6-hev-2023-147909302.jpg,Haval H6 2023 for sale in Lahore,1,https://www.pakwheels.com/used-cars/search/-/featured_1/,2026-09-25
Toyota,Toyota Corolla 2011 for sale in Islamabad,2011,Petrol,Manual,1300cc,"62,000 km",3630000,PKR,https://cache1.pakwheels.com/ad_pictures/1488/toyota-corolla-xli-vvti-ecotec-2011-148802399.jpg,Toyota Corolla 2011 for sale in Islamabad,1,https://www.pakwheels.com/used-cars/search/-/featured_1/,2026-09-25
Suzuki,Suzuki Swift 2015 for sale in Islamabad,2015,Petrol,Manual,1300cc,"80,000 km",2550000,PKR,https://cache1.pakwheels.com/ad_pictures/1519/suzuki-swift-1-3l-dlx-2015-151975524.jpg,Suzuki Swift 2015 for sale in Islamabad,2,https://www.pakwheels.com/used-cars/search/-/featured_1/?page=2,2026-09-25
Suzuki,Suzuki Cultus 2016 for sale in Islamabad,2016,Petrol,Manual,1000cc,"90,000 km",1795000,PKR,https://cache1.pakwheels.com/ad_pictures/1518/suzuki-cultus-limited-edition-2-2016-151894028.jpg,Suzuki Cultus 2016 for sale in Islamabad,2,https://www.pakwheels.com/used-cars/search/-/featured_1/?page=2,2026-09-25
Nissan,Nissan Dayz 2023 for sale in Karachi,2023,Petrol,Automatic,660cc,"3,500 km",3960000,PKR,https://cache3.pakwheels.com/ad_pictures/1522/nissan-dayz-2023-152224961.jpg,Nissan Dayz 2023 for sale in Karachi,2,https://www.pakwheels.com/used-cars/search/-/featured_1/?page=2,2026-09-25
Honda,Honda Civic 2014 for sale in Lahore,2014,Petrol,Automatic,1800cc,"96,000 km",3750000,PKR,https://cache3.pakwheels.com/ad_pictures/1521/honda-civic-oriel-prosmatec-ug-2014-152156734.jpg,Honda Civic 2014 for sale in Lahore,2,https://www.pakwheels.com/used-cars/search/-/featured_1/?page=2,2026-09-25
Nissan,Nissan Note 2022 for sale in Islamabad,2022,Hybrid,Automatic,1200cc,"50,000 km",7750000,PKR,https://cache4.pakwheels.com/ad_pictures/1472/nissan-note-aura-nismo-limited-sports-edition-2022-147279690.jpg,Nissan Note 2022 for sale in Islamabad,2,https://www.pakwheels.com/used-cars/search/-/featured_1/?page=2,2026-09-25
Toyota,Toyota Corolla 2012 for sale in Islamabad,2012,Petrol,Manual,1300cc,"72,000 km",3675000,PKR,https://cache4.pakwheels.com/ad_pictures/1497/toyota-corolla-gli-vvti-2012-149742552.jpg,Toyota Corolla 2012 for sale in Islamabad,2,https://www.pakwheels.com/used-cars/search/-/featured_1/?page=2,2026-09-25
Honda,Honda City 2018 for sale in Karachi,2018,Petrol,Automatic,1300cc,"74,000 km",3375000,PKR,https://cache1.pakwheels.com/ad_pictures/1522/honda-city-i-vtec-prosmatec-2018-152224773.jpg,Honda City 2018 for sale in Karachi,2,https://www.pakwheels.com/used-cars/search/-/featured_1/?page=2,2026-09-25
Toyota,Toyota Yaris Hatchback 2022 for sale in Lahore,2022,Petrol,Automatic,1000cc,"110,000 km",4400000,PKR,https://cache4.pakwheels.com/ad_pictures/1522/toyota-yaris-hatchback-x-50-2022-152224633.jpg,Toyota Yaris Hatchback 2022 for sale in Lahore,2,https://www.pakwheels.com/used-cars/search/-/featured_1/?page=2,2026-09-25
Toyota,Toyota Camry 2005 for sale in Karachi,2005,Petrol,Automatic,2400cc,"155,000 km",2600000,PKR,https://cache2.pakwheels.com/ad_pictures/1483/toyota-camry-2005-148371813.jpg,Toyota Camry 2005 for sale in Karachi,2,https://www.pakwheels.com/used-cars/search/-/featured_1/?page=2,2026-09-25
Toyota,Toyota Hilux 2020 for sale in Hyderabad,2020,Diesel,Automatic,2800cc,"86,000 km",10300000,PKR,https://cache1.pakwheels.com/ad_pictures/1520/toyota-hilux-revo-v-automatic-2-8-2020-152063762.jpg,Toyota Hilux 2020 for sale in Hyderabad,2,https://www.pakwheels.com/used-cars/search/-/featured_1/?page=2,2026-09-25
Toyota,Toyota Hilux 2006 for sale in Sargodha,2006,Diesel,Automatic,3000cc,"118,000 km",5500000,PKR,https://cache1.pakwheels.com/ad_pictures/1507/toyota-hilux-d-4d-automatic-2006-150712571.jpg,Toyota Hilux 2006 for sale in Sargodha,2,https://www.pakwheels.com/used-cars/search/-/featured_1/?page=2,2026-09-25
Toyota,Toyota Fortuner 2021 for sale in Islamabad,2021,Diesel,Automatic,2800cc,"70,000 km",14200000,PKR,https://cache2.pakwheels.com/ad_pictures/1516/toyota-fortuner-2-8-sigma-2021-151669197.jpg,Toyota Fortuner 2021 for sale in Islamabad,2,https://www.pakwheels.com/used-cars/search/-/featured_1/?page=2,2026-09-25
Honda,Honda Civic 2025 for sale in Islamabad,2025,Petrol,Automatic,1500cc,"57,000 km",9100000,PKR,https://cache3.pakwheels.com/ad_pictures/1517/honda-civic-civic-rs-2025-151709594.jpg,Honda Civic 2025 for sale in Islamabad,2,https://www.pakwheels.com/used-cars/search/-/featured_1/?page=2,2026-09-25
Tank,Tank 500 2026 for sale in Islamabad,2026,PHEV,Automatic,2000cc,25 km,24900000,PKR,https://cache4.pakwheels.com/ad_pictures/1506/tank-500-phev-5-2026-150654815.jpg,Tank 500 2026 for sale in Islamabad,2,https://www.pakwheels.com/used-cars/search/-/featured_1/?page=2,2026-09-25
KIA,KIA Sportage 2025 for sale in Islamabad,2025,Petrol,Automatic,2000cc,"8,700 km",9650000,PKR,https://cache4.pakwheels.com/ad_pictures/1502/kia-sportage-fwd-2025-150263175.jpg,KIA Sportage 2025 for sale in Islamabad,2,https://www.pakwheels.com/used-cars/search/-/featured_1/?page=2,2026-09-25
Honda,Honda Civic 2014 for sale in Lahore,2014,Petrol,Automatic,1800cc,"161,500 km",3690000,PKR,https://cache4.pakwheels.com/ad_pictures/1522/honda-civic-oriel-prosmatec-ug-2014-152223692.jpg,Honda Civic 2014 for sale in Lahore,2,https://www.pakwheels.com/used-cars/search/-/featured_1/?page=2,2026-09-25
Honda,Honda Civic 2013 for sale in Karachi,2013,Petrol,Automatic,1800cc,"71,000 km",3075000,PKR,https://cache1.pakwheels.com/ad_pictures/1518/honda-civic-vti-1-8-i-vtec-prosmatec-2013-151877695.jpg,Honda Civic 2013 for sale in Karachi,2,https://www.pakwheels.com/used-cars/search/-/featured_1/?page=2,2026-09-25
Toyota,Toyota Raize 2021 for sale in Lahore,2021,Petrol,Automatic,1000cc,"36,500 km",6075000,PKR,https://cache1.pakwheels.com/ad_pictures/1522/toyota-raize-z-5-2021-152224320.jpg,Toyota Raize 2021 for sale in Lahore,2,https://www.pakwheels.com/used-cars/search/-/featured_1/?page=2,2026-09-25
Honda,Honda Civic 2017 for sale in Lahore,2017,Petrol,Automatic,1800cc,"84,000 km",4935000,PKR,https://cache4.pakwheels.com/ad_pictures/1516/honda-civic-oriel-1-8-i-vtec-cvt-2017-151636084.jpg,Honda Civic 2017 for sale in Lahore,2,https://www.pakwheels.com/used-cars/search/-/featured_1/?page=2,2026-09-25
MG,MG HS 2021 for sale in Karachi,2021,Petrol,Automatic,1500cc,"60,915 km",5335000,PKR,https://cache3.pakwheels.com/ad_pictures/1522/mg-hs-2-trophy-2021-152211176.jpg,MG HS 2021 for sale in Karachi,2,https://www.pakwheels.com/used-cars/search/-/featured_1/?page=2,2026-09-25
MG,MG ZS 2026 for sale in Lahore,2026,Hybrid,Automatic,1500cc,25 km,8300000,PKR,https://cache4.pakwheels.com/ad_pictures/1522/mg-zs-hybrid-essence-2026-152224104.jpg,MG ZS 2026 for sale in Lahore,2,https://www.pakwheels.com/used-cars/search/-/featured_1/?page=2,2026-09-25
Nissan,Nissan Dayz 2023 for sale in Karachi,2023,Hybrid,Automatic,660cc,"37,000 km",4000000,PKR,https://cache3.pakwheels.com/ad_pictures/1519/nissan-dayz-highway-star-s-hybrid-x-pro-pilot-2023-151920310.jpg,Nissan Dayz 2023 for sale in Karachi,2,https://www.pakwheels.com/used-cars/search/-/featured_1/?page=2,2026-09-25
Nissan,Nissan Dayz 2023 for sale in Karachi,2023,Hybrid,Automatic,660cc,"47,000 km",4100000,PKR,https://cache1.pakwheels.com/ad_pictures/1511/nissan-dayz-highway-star-s-hybrid-x-pro-pilot-2023-151187140.jpg,Nissan Dayz 2023 for sale in Karachi,2,https://www.pakwheels.com/used-cars/search/-/featured_1/?page=2,2026-09-25
Toyota,Toyota Passo 2007 for sale in Lahore,2007,Petrol,Automatic,1000cc,"95,000 km",1895000,PKR,https://cache1.pakwheels.com/ad_pictures/1522/toyota-passo-1-0-g-2007-152223897.jpg,Toyota Passo 2007 for sale in Lahore,2,https://www.pakwheels.com/used-cars/search/-/featured_1/?page=2,2026-09-25
Haval,Haval H6 2026 for sale in Islamabad,2026,Petrol,Automatic,1500cc,"8,000 km",9700000,PKR,https://cache2.pakwheels.com/ad_pictures/1521/haval-h6-1-5t-2026-152174591.jpg,Haval H6 2026 for sale in Islamabad,3,https://www.pakwheels.com/used-cars/search/-/featured_1/?page=3,2026-09-25
Suzuki,Suzuki Swift 2023 for sale in Lahore,2023,Petrol,Automatic,1200cc,"36,000 km",4375000,PKR,https://cache2.pakwheels.com/ad_pictures/1517/suzuki-swift-glx-cvt-2023-151725364.jpg,Suzuki Swift 2023 for sale in Lahore,3,https://www.pakwheels.com/used-cars/search/-/featured_1/?page=3,2026-09-25
BMW,BMW i4 2025 for sale in Karachi,2025,Electric,Automatic,0cc,"9,200 km",22000000,PKR,https://cache3.pakwheels.com/ad_pictures/1522/bmw-i4-edrive35-2025-152223415.jpg,BMW i4 2025 for sale in Karachi,3,https://www.pakwheels.com/used-cars/search/-/featured_1/?page=3,2026-09-25
Toyota,Toyota Raize 2021 for sale in Karachi,2021,Petrol,Automatic,1000cc,"35,000 km",6150000,PKR,https://cache4.pakwheels.com/ad_pictures/1477/toyota-raize-z-5-2021-147757722.jpg,Toyota Raize 2021 for sale in Karachi,3,https://www.pakwheels.com/used-cars/search/-/featured_1/?page=3,2026-09-25
Honda,Honda City 2011 for sale in Karachi,2011,Petrol,Manual,1300cc,"118,000 km",2445000,PKR,https://cache2.pakwheels.com/ad_pictures/1522/honda-city-i-vtec-2-2011-152223337.jpg,Honda City 2011 for sale in Karachi,3,https://www.pakwheels.com/used-cars/search/-/featured_1/?page=3,2026-09-25
Toyota,Toyota Vitz 2009 for sale in Karachi,2009,Petrol,Automatic,1000cc,"140,000 km",2075000,PKR,https://cache2.pakwheels.com/ad_pictures/1484/toyota-vitz-b-intelligent-package-2009-148494030.jpg,Toyota Vitz 2009 for sale in Karachi,3,https://www.pakwheels.com/used-cars/search/-/featured_1/?page=3,2026-09-25
Honda,Honda Fit 2012 for sale in Karachi,2012,Hybrid,Automatic,1300cc,"98,000 km",3195000,PKR,https://cache4.pakwheels.com/ad_pictures/1517/honda-fit-shuttle-hybrid-1-3-2012-151708416.jpg,Honda Fit 2012 for sale in Karachi,3,https://www.pakwheels.com/used-cars/search/-/featured_1/?page=3,2026-09-25
Honda,Honda Civic 2012 for sale in Karachi,2012,Petrol,Automatic,1800cc,"110,000 km",2675000,PKR,https://cache1.pakwheels.com/ad_pictures/1517/honda-civic-vti-1-8-i-vtec-oriel-prosmatec-2012-151715955.jpg,Honda Civic 2012 for sale in Karachi,3,https://www.pakwheels.com/used-cars/search/-/featured_1/?page=3,2026-09-25
Daihatsu,Daihatsu Cuore 2000 for sale in Karachi,2000,Petrol,Manual,800cc,"81,000 km",985000,PKR,https://cache3.pakwheels.com/ad_pictures/1517/daihatsu-cuore-cx-2-2000-151718108.jpg,Daihatsu Cuore 2000 for sale in Karachi,3,https://www.pakwheels.com/used-cars/search/-/featured_1/?page=3,2026-09-25
Haval,Haval H6 2024 for sale in Islamabad,2024,Hybrid,Automatic,1500cc,"31,000 km",9750000,PKR,https://cache3.pakwheels.com/ad_pictures/1516/haval-h6-hev-2024-151686396.jpg,Haval H6 2024 for sale in Islamabad,3,https://www.pakwheels.com/used-cars/search/-/featured_1/?page=3,2026-09-25
Honda,Honda Civic 2016 for sale in Faisalabad,2016,Petrol,Automatic,1800cc,"91,000 km",3650000,PKR,https://cache3.pakwheels.com/ad_pictures/1522/honda-civic-vti-1-8-i-vtec-prosmatec-2016-152223107.jpg,Honda Civic 2016 for sale in Faisalabad,3,https://www.pakwheels.com/used-cars/search/-/featured_1/?page=3,2026-09-25
Toyota,Toyota Vitz 2018 for sale in Karachi,2018,Petrol,Automatic,996cc,"85,000 km",3700000,PKR,https://cache3.pakwheels.com/ad_pictures/1522/toyota-vitz-1-0-f-2018-152223126.jpg,Toyota Vitz 2018 for sale in Karachi,3,https://www.pakwheels.com/used-cars/search/-/featured_1/?page=3,2026-09-25
Honda,Honda Vezel 2018 for sale in Rawalpindi,2018,Hybrid,Automatic,1500cc,"130,000 km",6300000,PKR,https://cache1.pakwheels.com/ad_pictures/1503/honda-vezel-hybrid-z-honda-sensing-2018-150380046.jpg,Honda Vezel 2018 for sale in Rawalpindi,3,https://www.pakwheels.com/used-cars/search/-/featured_1/?page=3,2026-09-25
KIA,KIA Sportage 2021 for sale in Islamabad,2021,Petrol,Automatic,2000cc,"93,000 km",6500000,PKR,https://cache3.pakwheels.com/ad_pictures/1509/kia-sportage-awd-2021-150933083.jpg,KIA Sportage 2021 for sale in Islamabad,3,https://www.pakwheels.com/used-cars/search/-/featured_1/?page=3,2026-09-25
Toyota,Toyota Corolla Cross 2024 for sale in Islamabad,2024,Hybrid,Automatic,1800cc,"81,000 km",8600000,PKR,https://cache1.pakwheels.com/ad_pictures/1517/toyota-corolla-cross-1-8-hev-x-2024-151771403.jpg,Toyota Corolla Cross 2024 for sale in Islamabad,3,https://www.pakwheels.com/used-cars/search/-/featured_1/?page=3,2026-09-25
KIA,KIA Sportage 2024 for sale in Lahore,2024,Petrol,Automatic,2000cc,"37,000 km",7150000,PKR,https://cache4.pakwheels.com/ad_pictures/1518/kia-sportage-fwd-2024-151815690.jpg,KIA Sportage 2024 for sale in Lahore,3,https://www.pakwheels.com/used-cars/search/-/featured_1/?page=3,2026-09-25
Toyota,Toyota Mark II 2003 for sale in Karachi,2003,Petrol,Automatic,2000cc,"160,000 km",2450000,PKR,https://cache1.pakwheels.com/ad_pictures/1480/toyota-mark-ii-grande-2-0-2003-148050592.jpg,Toyota Mark II 2003 for sale in Karachi,3,https://www.pakwheels.com/used-cars/search/-/featured_1/?page=3,2026-09-25
Toyota,Toyota Hilux 2022 for sale in Lahore,2022,Diesel,Automatic,2800cc,"56,000 km",13400000,PKR,https://cache3.pakwheels.com/ad_pictures/1522/adam-revo-2022-152222935.jpg,Toyota Hilux 2022 for sale in Lahore,3,https://www.pakwheels.com/used-cars/search/-/featured_1/?page=3,2026-09-25
Toyota,Toyota Yaris Cross 2021 for sale in Islamabad,2021,Hybrid,Automatic,1500cc,"77,000 km",8200000,PKR,https://cache3.pakwheels.com/ad_pictures/1513/toyota-yaris-cross-hybrid-z-2-2021-151316538.jpg,Toyota Yaris Cross 2021 for sale in Islamabad,3,https://www.pakwheels.com/used-cars/search/-/featured_1/?page=3,2026-09-25
Toyota,Toyota Corolla 2004 for sale in Lahore,2004,Petrol,Manual,1300cc,"418,800 km",1420000,PKR,https://cache1.pakwheels.com/ad_pictures/1521/toyota-corolla-xli-2-2004-152142718.jpg,Toyota Corolla 2004 for sale in Lahore,3,https://www.pakwheels.com/used-cars/search/-/featured_1/?page=3,2026-09-25
Toyota,Toyota Corolla Axio 2007 for sale in Islamabad,2007,Petrol,Automatic,1500cc,"185,000 km",3000000,PKR,https://cache3.pakwheels.com/ad_pictures/1514/toyota-corolla-axio-x-hid-limited-1-5-2007-151430862.jpg,Toyota Corolla Axio 2007 for sale in Islamabad,3,https://www.pakwheels.com/used-cars/search/-/featured_1/?page=3,2026-09-25
Suzuki,Suzuki Alto 2024 for sale in Faisalabad,2024,Petrol,Automatic,660cc,"53,000 km",2990000,PKR,https://cache2.pakwheels.com/ad_pictures/1518/suzuki-alto-vxl-2-2024-151847371.jpg,Suzuki Alto 2024 for sale in Faisalabad,4,https://www.pakwheels.com/used-cars/search/-/featured_1/?page=4,2026-09-25
Honda,Honda Civic 2013 for sale in Islamabad,2013,Petrol,Automatic,1800cc,"136,000 km",3360000,PKR,https://cache2.pakwheels.com/ad_pictures/1522/honda-civic-oriel-prosmatec-ug-2013-152215975.jpg,Honda Civic 2013 for sale in Islamabad,4,https://www.pakwheels.com/used-cars/search/-/featured_1/?page=4,2026-09-25
Honda,Honda Civic 2016 for sale in Lahore,2016,Petrol,Automatic,1800cc,"98,300 km",4495000,PKR,https://cache1.pakwheels.com/ad_pictures/1522/honda-civic-oriel-1-8-i-vtec-cvt-2016-152222767.jpg,Honda Civic 2016 for sale in Lahore,4,https://www.pakwheels.com/used-cars/search/-/featured_1/?page=4,2026-09-25
Suzuki,Suzuki Alto 2023 for sale in Karachi,2023,Petrol,Manual,660cc,"42,121 km",2545000,PKR,https://cache2.pakwheels.com/ad_pictures/1522/suzuki-alto-vxr-2-2023-152222653.jpg,Suzuki Alto 2023 for sale in Karachi,4,https://www.pakwheels.com/used-cars/search/-/featured_1/?page=4,2026-09-25
Suzuki,Suzuki Cultus 2020 for sale in Karachi,2020,Petrol,Manual,1000cc,"52,000 km",2475000,PKR,https://cache1.pakwheels.com/ad_pictures/1517/suzuki-cultus-vxr-2020-151798303.jpg,Suzuki Cultus 2020 for sale in Karachi,4,https://www.pakwheels.com/used-cars/search/-/featured_1/?page=4,2026-09-25
Suzuki,Suzuki Alto 2025 for sale in Islamabad,2025,Petrol,Automatic,660cc,"13,000 km",3200000,PKR,https://cache4.pakwheels.com/ad_pictures/1520/suzuki-alto-vxl-ags-upgraded-2025-152072658.jpg,Suzuki Alto 2025 for sale in Islamabad,4,https://www.pakwheels.com/used-cars/search/-/featured_1/?page=4,2026-09-25
Suzuki,Suzuki Cultus 2014 for sale in Rawalpindi,2014,Petrol,Manual,1000cc,"133,000 km",1975000,PKR,https://cache4.pakwheels.com/ad_pictures/1520/suzuki-cultus-vxri-euro-ii-2014-152062659.jpg,Suzuki Cultus 2014 for sale in Rawalpindi,4,https://www.pakwheels.com/used-cars/search/-/featured_1/?page=4,2026-09-25
Suzuki,Suzuki Liana 2006 for sale in Karachi,2006,Petrol,Manual,1300cc,"100,000 km",780000,PKR,https://cache1.pakwheels.com/ad_pictures/1520/suzuki-liana-lxi-13l-manual-transmission-2006-152055901.jpg,Suzuki Liana 2006 for sale in Karachi,4,https://www.pakwheels.com/used-cars/search/-/featured_1/?page=4,2026-09-25
Toyota,Toyota Corolla 2013 for sale in Peshawar,2013,Petrol,Manual,1300cc,"200,000 km",3500000,PKR,https://cache3.pakwheels.com/ad_pictures/1520/toyota-corolla-gli-vvti-limited-edition-2013-152052519.jpg,Toyota Corolla 2013 for sale in Peshawar,4,https://www.pakwheels.com/used-cars/search/-/featured_1/?page=4,2026-09-25
Suzuki,Suzuki Wagon R 2022 for sale in Multan,2022,Petrol,Manual,1000cc,"63,000 km",3080000,PKR,https://cache3.pakwheels.com/ad_pictures/1513/suzuki-wagon-r-vxl-2022-151315974.jpg,Suzuki Wagon R 2022 for sale in Multan,4,https://www.pakwheels.com/used-cars/search/-/featured_1/?page=4,2026-09-25
Daihatsu,Daihatsu Cuore 2003 for sale in Rawalpindi,2003,Petrol,Manual,800cc,"12,354 km",1025000,PKR,https://cache2.pakwheels.com/ad_pictures/1520/daihatsu-cuore-cx-2-2003-152051390.jpg,Daihatsu Cuore 2003 for sale in Rawalpindi,4,https://www.pakwheels.com/used-cars/search/-/featured_1/?page=4,2026-09-25
Toyota,Toyota Vitz 2014 for sale in Karachi,2014,Petrol,Automatic,1000cc,"109,000 km",2730000,PKR,https://cache1.pakwheels.com/ad_pictures/1520/toyota-vitz-f-m-package-2014-152042922.jpg,Toyota Vitz 2014 for sale in Karachi,4,https://www.pakwheels.com/used-cars/search/-/featured_1/?page=4,2026-09-25
Honda,Honda Civic 2011 for sale in Karachi,2011,Petrol,Automatic,1800cc,"135,000 km",2000000,PKR,https://cache3.pakwheels.com/ad_pictures/1520/honda-civic-vti-1-8-i-vtec-prosmatec-2011-152049471.jpg,Honda Civic 2011 for sale in Karachi,4,https://www.pakwheels.com/used-cars/search/-/featured_1/?page=4,2026-09-25
Toyota,Toyota Corolla 1996 for sale in Karachi,1996,Petrol,Manual,1300cc,"254,000 km",2100000,PKR,https://cache4.pakwheels.com/ad_pictures/1520/toyota-corolla-xe-2-1996-152037113.jpg,Toyota Corolla 1996 for sale in Karachi,4,https://www.pakwheels.com/used-cars/search/-/featured_1/?page=4,2026-09-25
Honda,Honda Civic 2009 for sale in Lahore,2009,Petrol,Automatic,1800cc,"120,000 km",2250000,PKR,https://cache1.pakwheels.com/ad_pictures/1520/honda-civic-vti-1-8-i-vtec-oriel-prosmatec-2009-152034501.jpg,Honda Civic 2009 for sale in Lahore,4,https://www.pakwheels.com/used-cars/search/-/featured_1/?page=4,2026-09-25
Nissan,Nissan Dayz 2023 for sale in Sialkot,2023,Petrol,Automatic,660cc,"22,000 km",3650000,PKR,https://cache4.pakwheels.com/ad_pictures/1520/nissan-dayz-x-40-2023-152034057.jpg,Nissan Dayz 2023 for sale in Sialkot,4,https://www.pakwheels.com/used-cars/search/-/featured_1/?page=4,2026-09-25
Honda,Honda Civic 2002 for sale in Karachi,2002,Petrol,Manual,1500cc,"160,000 km",1450000,PKR,https://cache2.pakwheels.com/ad_pictures/1520/honda-civic-exi-3-2002-152027038.jpg,Honda Civic 2002 for sale in Karachi,4,https://www.pakwheels.com/used-cars/search/-/featured_1/?page=4,2026-09-25
Suzuki,Suzuki Cultus 2020 for sale in Multan,2020,Petrol,Manual,1000cc,"82,500 km",3150000,PKR,https://cache1.pakwheels.com/ad_pictures/1520/suzuki-cultus-vxl-2-2020-152026242.jpg,Suzuki Cultus 2020 for sale in Multan,4,https://www.pakwheels.com/used-cars/search/-/featured_1/?page=4,2026-09-25
Suzuki,Suzuki Swift 2016 for sale in Lahore,2016,Petrol,Manual,1300cc,"150,000 km",2390000,PKR,https://cache1.pakwheels.com/ad_pictures/1520/suzuki-swift-1-3l-dlx-2016-152025669.jpg,Suzuki Swift 2016 for sale in Lahore,4,https://www.pakwheels.com/used-cars/search/-/featured_1/?page=4,2026-09-25
Toyota,Toyota Corolla 2016 for sale in Gujranwala,2016,Petrol,Automatic,1300cc,"140,000 km",3750000,PKR,https://cache3.pakwheels.com/ad_pictures/1520/toyota-corolla-gli-vvti-automatic-2016-152022929.jpg,Toyota Corolla 2016 for sale in Gujranwala,4,https://www.pakwheels.com/used-cars/search/-/featured_1/?page=4,2026-09-25
Honda,Honda City 2009 for sale in Karachi,2009,Petrol,Automatic,1300cc,"92,000 km",2445000,PKR,https://cache3.pakwheels.com/ad_pictures/1520/honda-city-i-vtec-prosmatec-2009-152016375.jpg,Honda City 2009 for sale in Karachi,4,https://www.pakwheels.com/used-cars/search/-/featured_1/?page=4,2026-09-25
Daihatsu,Daihatsu Mira 2020 for sale in Karachi,2020,Petrol,Automatic,660cc,"46,000 km",3350000,PKR,https://cache1.pakwheels.com/ad_pictures/1520/daihatsu-mira-x-sa-lll-2020-152032789.jpg,Daihatsu Mira 2020 for sale in Karachi,4,https://www.pakwheels.com/used-cars/search/-/featured_1/?page=4,2026-09-25
Toyota,Toyota Corolla 2017 for sale in Faisalabad,2017,Petrol,Automatic,1600cc,"158,000 km",3900000,PKR,https://cache2.pakwheels.com/ad_pictures/1520/toyota-corolla-altis-1-6-automatic-2017-152015817.jpg,Toyota Corolla 2017 for sale in Faisalabad,4,https://www.pakwheels.com/used-cars/search/-/featured_1/?page=4,2026-09-25
Honda,Honda Civic 2016 for sale in Dina,2016,Petrol,Automatic,1800cc,"48,000 km",5100000,PKR,https://cache1.pakwheels.com/ad_pictures/1517/honda-civic-oriel-1-8-i-vtec-cvt-2016-151794347.jpg,Honda Civic 2016 for sale in Dina,4,https://www.pakwheels.com/used-cars/search/-/featured_1/?page=4,2026-09-25
Toyota,Toyota Mark X 2013 for sale in Lahore,2013,Petrol,Automatic,2500cc,"112,000 km",7800000,PKR,https://cache2.pakwheels.com/ad_pictures/1517/toyota-mark-x-250g-four-black-limited-2013-151793862.jpg,Toyota Mark X 2013 for sale in Lahore,4,https://www.pakwheels.com/used-cars/search/-/featured_1/?page=4,2026-09-25
Haval,Haval H6 2024 for sale in Lahore,2024,Hybrid,Automatic,1500cc,"45,000 km",10200000,PKR,https://cache1.pakwheels.com/ad_pictures/1501/haval-h6-hev-2024-150118106.jpg,Haval H6 2024 for sale in Lahore,5,https://www.pakwheels.com/used-cars/search/-/featured_1/?page=5,2026-09-25
Toyota,Toyota Corolla 2017 for sale in Lahore,2017,Petrol,Manual,1300cc,"73,779 km",3950000,PKR,https://cache1.pakwheels.com/ad_pictures/1517/toyota-corolla-xli-vvti-2017-151792948.jpg,Toyota Corolla 2017 for sale in Lahore,5,https://www.pakwheels.com/used-cars/search/-/featured_1/?page=5,2026-09-25
Haval,Haval Jolion 2024 for sale in Sialkot,2024,Petrol,Automatic,1500cc,"47,000 km",7100000,PKR,https://cache3.pakwheels.com/ad_pictures/1515/haval-jolion-top-2024-151524944.jpg,Haval Jolion 2024 for sale in Sialkot,5,https://www.pakwheels.com/used-cars/search/-/featured_1/?page=5,2026-09-25
Mitsubishi,Mitsubishi Pajero Mini 2003 for sale in Rawalpindi,2003,Petrol,Automatic,660cc,"115,000 km",1700000,PKR,https://cache2.pakwheels.com/ad_pictures/1517/mitsubishi-pajero-mini-2003-151792071.jpg,Mitsubishi Pajero Mini 2003 for sale in Rawalpindi,5,https://www.pakwheels.com/used-cars/search/-/featured_1/?page=5,2026-09-25
Toyota,Toyota Fortuner 2023 for sale in Islamabad,2023,Diesel,Automatic,2800cc,"65,000 km",17400000,PKR,https://cache4.pakwheels.com/ad_pictures/1517/toyota-fortuner-legender-2023-151778937.jpg,Toyota Fortuner 2023 for sale in Islamabad,5,https://www.pakwheels.com/used-cars/search/-/featured_1/?page=5,2026-09-25
Toyota,Toyota Prado 2019 for sale in Lahore,2019,Petrol,Automatic,2700cc,"62,000 km",23500000,PKR,https://cache2.pakwheels.com/ad_pictures/1517/toyota-prado-tx-4-2019-151788364.jpg,Toyota Prado 2019 for sale in Lahore,5,https://www.pakwheels.com/used-cars/search/-/featured_1/?page=5,2026-09-25
Suzuki,Suzuki Alto 2021 for sale in Karachi,2021,Petrol,Automatic,660cc,"69,000 km",2725000,PKR,https://cache3.pakwheels.com/ad_pictures/1518/suzuki-alto-vxl-2-2021-151826707.jpg,Suzuki Alto 2021 for sale in Karachi,5,https://www.pakwheels.com/used-cars/search/-/featured_1/?page=5,2026-09-25
Toyota,Toyota Mark X 2006 for sale in Islamabad,2006,Petrol,Automatic,2500cc,"89,000 km",5500000,PKR,https://cache4.pakwheels.com/ad_pictures/1517/toyota-mark-x-250g-2-2006-151786040.jpg,Toyota Mark X 2006 for sale in Islamabad,5,https://www.pakwheels.com/used-cars/search/-/featured_1/?page=5,2026-09-25
Honda,Honda Civic 2020 for sale in Lahore,2020,Petrol,Automatic,1800cc,"104,000 km",5600000,PKR,https://cache3.pakwheels.com/ad_pictures/1517/honda-civic-oriel-1-8-i-vtec-cvt-2020-151785663.jpg,Honda Civic 2020 for sale in Lahore,5,https://www.pakwheels.com/used-cars/search/-/featured_1/?page=5,2026-09-25
Hyundai,Hyundai Tucson 2020 for sale in Karachi,2020,Petrol,Automatic,2000cc,"60,000 km",5800000,PKR,https://cache4.pakwheels.com/ad_pictures/1517/hyundai-tucson-awd-a-t-ultimate-2020-151783631.jpg,Hyundai Tucson 2020 for sale in Karachi,5,https://www.pakwheels.com/used-cars/search/-/featured_1/?page=5,2026-09-25
Toyota,Toyota Corolla 2023 for sale in Lahore,2023,Petrol,Automatic,1600cc,"98,000 km",6650000,PKR,https://cache3.pakwheels.com/ad_pictures/1516/toyota-corolla-altis-1-6-x-cvt-i-special-edition-2023-151633388.jpg,Toyota Corolla 2023 for sale in Lahore,5,https://www.pakwheels.com/used-cars/search/-/featured_1/?page=5,2026-09-25
Suzuki,Suzuki Cultus 2021 for sale in Lahore,2021,Petrol,Manual,1000cc,"65,000 km",2855000,PKR,https://cache3.pakwheels.com/ad_pictures/1517/suzuki-cultus-vxr-2021-151782042.jpg,Suzuki Cultus 2021 for sale in Lahore,5,https://www.pakwheels.com/used-cars/search/-/featured_1/?page=5,2026-09-25
Honda,Honda City 2023 for sale in Islamabad,2023,Petrol,Automatic,1500cc,"17,246 km",5100000,PKR,https://cache2.pakwheels.com/ad_pictures/1517/honda-city-1-5l-aspire-cvt-2023-151781845.jpg,Honda City 2023 for sale in Islamabad,5,https://www.pakwheels.com/used-cars/search/-/featured_1/?page=5,2026-09-25
Toyota,Toyota Corolla 2015 for sale in Rawalpindi,2015,Petrol,Manual,1300cc,"110,000 km",3590000,PKR,https://cache1.pakwheels.com/ad_pictures/1517/toyota-corolla-gli-vvti-2015-151779352.jpg,Toyota Corolla 2015 for sale in Rawalpindi,5,https://www.pakwheels.com/used-cars/search/-/featured_1/?page=5,2026-09-25
Suzuki,Suzuki Swift 2019 for sale in Peshawar,2019,Petrol,Manual,1300cc,"10,600 km",2800000,PKR,https://cache2.pakwheels.com/ad_pictures/1517/suzuki-swift-dlx-1-3-navigation-2019-151778846.jpg,Suzuki Swift 2019 for sale in Peshawar,5,https://www.pakwheels.com/used-cars/search/-/featured_1/?page=5,2026-09-25
Toyota,Toyota Fortuner 2023 for sale in Lahore,2023,Diesel,Automatic,2800cc,"68,000 km",17100000,PKR,https://cache3.pakwheels.com/ad_pictures/1466/toyota-fortuner-legender-2023-146676775.jpg,Toyota Fortuner 2023 for sale in Lahore,5,https://www.pakwheels.com/used-cars/search/-/featured_1/?page=5,2026-09-25
Changan,Changan Alsvin 2021 for sale in Lahore,2021,Petrol,Automatic,1500cc,"48,500 km",3595000,PKR,https://cache3.pakwheels.com/ad_pictures/1517/changan-alsvin-1-5l-dct-lumiere-2021-151786491.jpg,Changan Alsvin 2021 for sale in Lahore,5,https://www.pakwheels.com/used-cars/search/-/featured_1/?page=5,2026-09-25
Jaecoo,Jaecoo J7 2026 for sale in Islamabad,2026,PHEV,Automatic,1500cc,"12,000 km",10600000,PKR,https://cache1.pakwheels.com/ad_pictures/1517/jaecoo-j7-premium-17-2026-151776136.jpg,Jaecoo J7 2026 for sale in Islamabad,5,https://www.pakwheels.com/used-cars/search/-/featured_1/?page=5,2026-09-25
Toyota,Toyota Corolla 2010 for sale in Faisalabad,2010,Petrol,Manual,1800cc,"320,000 km",2530000,PKR,https://cache1.pakwheels.com/ad_pictures/1517/toyota-corolla-altis-1-8-2010-151743998.jpg,Toyota Corolla 2010 for sale in Faisalabad,5,https://www.pakwheels.com/used-cars/search/-/featured_1/?page=5,2026-09-25
Toyota,Toyota Crown 2008 for sale in Islamabad,2008,Petrol,Automatic,3000cc,"148,000 km",9500000,PKR,https://cache3.pakwheels.com/ad_pictures/1517/toyota-crown-athlete-g-package-2008-151774729.jpg,Toyota Crown 2008 for sale in Islamabad,5,https://www.pakwheels.com/used-cars/search/-/featured_1/?page=5,2026-09-25
Toyota,Toyota Corolla 2014 for sale in Multan,2014,Petrol,Automatic,1800cc,"103,000 km",4050000,PKR,https://cache3.pakwheels.com/ad_pictures/1517/toyota-corolla-altis-1-8-grande-automatic-2014-151774908.jpg,Toyota Corolla 2014 for sale in Multan,5,https://www.pakwheels.com/used-cars/search/-/featured_1/?page=5,2026-09-25
Toyota,Toyota Land Cruiser 2009 for sale in Gojra,2009,Petrol,Automatic,4600cc,"75,000 km",23500000,PKR,https://cache4.pakwheels.com/ad_pictures/1517/toyota-land-cruiser-zx-2-2009-151772846.jpg,Toyota Land Cruiser 2009 for sale in Gojra,5,https://www.pakwheels.com/used-cars/search/-/featured_1/?page=5,2026-09-25
Honda,Honda Civic 2020 for sale in Multan,2020,Petrol,Automatic,1800cc,"75,000 km",5850000,PKR,https://cache1.pakwheels.com/ad_pictures/1517/honda-civic-oriel-1-8-i-vtec-cvt-2020-151726941.jpg,Honda Civic 2020 for sale in Multan,5,https://www.pakwheels.com/used-cars/search/-/featured_1/?page=5,2026-09-25
Toyota,Toyota Corolla 2023 for sale in Faisalabad,2023,Petrol,Automatic,1600cc,"37,500 km",6150000,PKR,https://cache2.pakwheels.com/ad_pictures/1517/toyota-corolla-altis-1-6-x-cvt-i-2023-151771479.jpg,Toyota Corolla 2023 for sale in Faisalabad,5,https://www.pakwheels.com/used-cars/search/-/featured_1/?page=5,2026-09-25
KIA,KIA Sportage 2021 for sale in Lahore,2021,Petrol,Automatic,2000cc,"77,100 km",5590000,PKR,https://cache2.pakwheels.com/ad_pictures/1517/kia-sportage-alpha-2-2021-151768224.jpg,KIA Sportage 2021 for sale in Lahore,5,https://www.pakwheels.com/used-cars/search/-/featured_1/?page=5,2026-09-25
KIA,KIA Stonic 2024 for sale in Islamabad,2024,Petrol,Automatic,1400cc,"29,300 km",5450000,PKR,https://cache2.pakwheels.com/ad_pictures/1517/kia-stonic-ex-4-2024-151757053.jpg,KIA Stonic 2024 for sale in Islamabad,6,https://www.pakwheels.com/used-cars/search/-/featured_1/?page=6,2026-09-25
Toyota,Toyota Corolla 2016 for sale in Lahore,2016,Petrol,Automatic,1800cc,"157,000 km",4375000,PKR,https://cache4.pakwheels.com/ad_pictures/1517/toyota-corolla-altis-1-8-grande-automatic-2016-151769332.jpg,Toyota Corolla 2016 for sale in Lahore,6,https://www.pakwheels.com/used-cars/search/-/featured_1/?page=6,2026-09-25
Suzuki,Suzuki Cultus 2023 for sale in Karachi,2023,Petrol,Automatic,1000cc,"51,000 km",3650000,PKR,https://cache2.pakwheels.com/ad_pictures/1460/suzuki-cultus-vxl-2-2023-146060911.jpg,Suzuki Cultus 2023 for sale in Karachi,6,https://www.pakwheels.com/used-cars/search/-/featured_1/?page=6,2026-09-25
Honda,Honda BR-V 2018 for sale in Lahore,2018,Petrol,Automatic,1500cc,"103,000 km",4200000,PKR,https://cache1.pakwheels.com/ad_pictures/1517/honda-br-v-i-vtec-s-2018-151741021.jpg,Honda BR-V 2018 for sale in Lahore,6,https://www.pakwheels.com/used-cars/search/-/featured_1/?page=6,2026-09-25
Honda,Honda Civic 2021 for sale in Lahore,2021,Petrol,Automatic,1800cc,"79,500 km",6500000,PKR,https://cache2.pakwheels.com/ad_pictures/1517/honda-civic-oriel-1-8-i-vtec-cvt-2021-151744810.jpg,Honda Civic 2021 for sale in Lahore,6,https://www.pakwheels.com/used-cars/search/-/featured_1/?page=6,2026-09-25
Toyota,Toyota Land Cruiser 2013 for sale in Karachi,2013,Petrol,Automatic,4600cc,"124,500 km",23800000,PKR,https://cache1.pakwheels.com/ad_pictures/1517/toyota-land-cruiser-ax-2-2013-151741769.jpg,Toyota Land Cruiser 2013 for sale in Karachi,6,https://www.pakwheels.com/used-cars/search/-/featured_1/?page=6,2026-09-25
Hyundai,Hyundai Tucson 2022 for sale in Karachi,2022,Petrol,Automatic,2000cc,"45,000 km",6250000,PKR,https://cache4.pakwheels.com/ad_pictures/1469/hyundai-tucson-awd-a-t-ultimate-2022-146953262.jpg,Hyundai Tucson 2022 for sale in Karachi,6,https://www.pakwheels.com/used-cars/search/-/featured_1/?page=6,2026-09-25
Tank,Tank 500 2026 for sale in Lahore,2026,PHEV,Automatic,2000cc,10 km,23300000,PKR,https://cache2.pakwheels.com/ad_pictures/1516/tank-500-phev-5-2026-151656745.jpg,Tank 500 2026 for sale in Lahore,6,https://www.pakwheels.com/used-cars/search/-/featured_1/?page=6,2026-09-25
Suzuki,Suzuki Swift 2023 for sale in Sialkot,2023,Petrol,Automatic,1200cc,"35,000 km",4450000,PKR,https://cache3.pakwheels.com/ad_pictures/1517/suzuki-swift-glx-cvt-2023-151740044.jpg,Suzuki Swift 2023 for sale in Sialkot,6,https://www.pakwheels.com/used-cars/search/-/featured_1/?page=6,2026-09-25
KIA,KIA Picanto 2021 for sale in Multan,2021,Petrol,Automatic,1000cc,"62,000 km",2550000,PKR,https://cache4.pakwheels.com/ad_pictures/1517/kia-picanto-1-0-at-2021-151727864.jpg,KIA Picanto 2021 for sale in Multan,6,https://www.pakwheels.com/used-cars/search/-/featured_1/?page=6,2026-09-25
Chery,Chery Tiggo 7 2026 for sale in Lahore,2026,PHEV,Automatic,1500cc,60 km,9800000,PKR,https://cache4.pakwheels.com/ad_pictures/1509/chery-tiggo-7-premium-phev-2wd-2026-150922854.jpg,Chery Tiggo 7 2026 for sale in Lahore,6,https://www.pakwheels.com/used-cars/search/-/featured_1/?page=6,2026-09-25
Toyota,Toyota Vitz 2002 for sale in Rawalpindi,2002,Petrol,Automatic,1000cc,"191,000 km",2200000,PKR,https://cache2.pakwheels.com/ad_pictures/1517/toyota-vitz-1-0-fl-2002-151738499.jpg,Toyota Vitz 2002 for sale in Rawalpindi,6,https://www.pakwheels.com/used-cars/search/-/featured_1/?page=6,2026-09-25
Honda,Honda Civic 2018 for sale in Lahore,2018,Petrol,Automatic,1800cc,"65,200 km",5175000,PKR,https://cache4.pakwheels.com/ad_pictures/1517/honda-civic-oriel-1-8-i-vtec-cvt-2018-151738864.jpg,Honda Civic 2018 for sale in Lahore,6,https://www.pakwheels.com/used-cars/search/-/featured_1/?page=6,2026-09-25
Toyota,Toyota Prado 2022 for sale in Lahore,2022,Diesel,Automatic,2800cc,"5,000 km",36500000,PKR,https://cache4.pakwheels.com/ad_pictures/1517/toyota-prado-tx-l-2-8d-2022-151737133.jpg,Toyota Prado 2022 for sale in Lahore,6,https://www.pakwheels.com/used-cars/search/-/featured_1/?page=6,2026-09-25
Honda,Honda Civic 2017 for sale in Lahore,2017,Petrol,Automatic,1800cc,"89,000 km",4995000,PKR,https://cache3.pakwheels.com/ad_pictures/1517/honda-civic-oriel-1-8-i-vtec-cvt-2017-151734856.jpg,Honda Civic 2017 for sale in Lahore,6,https://www.pakwheels.com/used-cars/search/-/featured_1/?page=6,2026-09-25
MG,MG HS 2021 for sale in Lahore,2021,Petrol,Automatic,1500cc,"70,000 km",5750000,PKR,https://cache3.pakwheels.com/ad_pictures/1517/mg-hs-2-1-5-turbo-2021-151733521.jpg,MG HS 2021 for sale in Lahore,6,https://www.pakwheels.com/used-cars/search/-/featured_1/?page=6,2026-09-25
Suzuki,Suzuki Swift 2023 for sale in Karachi,2023,Petrol,Automatic,1200cc,"36,000 km",4200000,PKR,https://cache3.pakwheels.com/ad_pictures/1517/suzuki-swift-gl-cvt-2023-151726125.jpg,Suzuki Swift 2023 for sale in Karachi,6,https://www.pakwheels.com/used-cars/search/-/featured_1/?page=6,2026-09-25
KIA,KIA Stonic 2025 for sale in Gujranwala,2025,Petrol,Automatic,1400cc,"45,000 km",5200000,PKR,https://cache2.pakwheels.com/ad_pictures/1517/kia-stonic-ex-4-2025-151726327.jpg,KIA Stonic 2025 for sale in Gujranwala,6,https://www.pakwheels.com/used-cars/search/-/featured_1/?page=6,2026-09-25
Hyundai,Hyundai Sonata 2021 for sale in Lahore,2021,Petrol,Automatic,2500cc,"76,500 km",7870000,PKR,https://cache1.pakwheels.com/ad_pictures/1514/hyundai-sonata-2-5-2-2021-151442244.jpg,Hyundai Sonata 2021 for sale in Lahore,6,https://www.pakwheels.com/used-cars/search/-/featured_1/?page=6,2026-09-25
Honda,Honda Vezel 2014 for sale in Faisalabad,2014,Hybrid,Automatic,1500cc,"123,000 km",4175000,PKR,https://cache4.pakwheels.com/ad_pictures/1517/honda-vezel-hybrid-z-2014-151725513.jpg,Honda Vezel 2014 for sale in Faisalabad,6,https://www.pakwheels.com/used-cars/search/-/featured_1/?page=6,2026-09-25
Toyota,Toyota Corolla 2026 for sale in Lahore,2026,Petrol,Automatic,1300cc,10 km,5125000,PKR,https://cache2.pakwheels.com/ad_pictures/1517/toyota-corolla-gli-vvti-automatic-2026-151785774.jpg,Toyota Corolla 2026 for sale in Lahore,6,https://www.pakwheels.com/used-cars/search/-/featured_1/?page=6,2026-09-25
Honda,Honda Civic 1999 for sale in Lahore,1999,Petrol,Manual,1600cc,"100,000 km",1370000,PKR,https://cache2.pakwheels.com/ad_pictures/1507/honda-civic-vti-oriel-2-1999-150759032.jpg,Honda Civic 1999 for sale in Lahore,6,https://www.pakwheels.com/used-cars/search/-/featured_1/?page=6,2026-09-25
Hyundai,Hyundai Elantra 2025 for sale in Peshawar,2025,Hybrid,Automatic,1600cc,"25,000 km",9000000,PKR,https://cache2.pakwheels.com/ad_pictures/1513/hyundai-elantra-blue-2025-151305792.jpg,Hyundai Elantra 2025 for sale in Peshawar,6,https://www.pakwheels.com/used-cars/search/-/featured_1/?page=6,2026-09-25
Toyota,Toyota Hilux 2021 for sale in Karachi,2021,Diesel,Automatic,2800cc,"88,000 km",11300000,PKR,https://cache3.pakwheels.com/ad_pictures/1512/toyota-hilux-revo-v-automatic-2-8-2021-151284168.jpg,Toyota Hilux 2021 for sale in Karachi,6,https://www.pakwheels.com/used-cars/search/-/featured_1/?page=6,2026-09-25
Hyundai,Hyundai Tucson 2021 for sale in Islamabad,2021,Petrol,Automatic,2000cc,"53,100 km",7290000,PKR,https://cache3.pakwheels.com/ad_pictures/1513/hyundai-tucson-awd-a-t-ultimate-2021-151300962.jpg,Hyundai Tucson 2021 for sale in Islamabad,6,https://www.pakwheels.com/used-cars/search/-/featured_1/?page=6,2026-09-25
Toyota,Toyota Corolla 2025 for sale in Lahore,2025,Petrol,Automatic,1800cc,"19,000 km",8000000,PKR,https://cache2.pakwheels.com/ad_pictures/1512/toyota-corolla-altis-grande-x-cvt-i-1-8-black-interior-2025-151286840.jpg,Toyota Corolla 2025 for sale in Lahore,7,https://www.pakwheels.com/used-cars/search/-/featured_1/?page=7,2026-09-25
Haval,Haval Jolion 2025 for sale in Islamabad,2025,Hybrid,Automatic,1500cc,"18,000 km",9000000,PKR,https://cache2.pakwheels.com/ad_pictures/1512/haval-jolion-2025-151284013.jpg,Haval Jolion 2025 for sale in Islamabad,7,https://www.pakwheels.com/used-cars/search/-/featured_1/?page=7,2026-09-25
Suzuki,Suzuki Wagon R 2021 for sale in Rawalpindi,2021,Petrol,Manual,1000cc,"149,000 km",2749000,PKR,https://cache2.pakwheels.com/ad_pictures/1512/suzuki-wagon-r-vxl-2021-151282969.jpg,Suzuki Wagon R 2021 for sale in Rawalpindi,7,https://www.pakwheels.com/used-cars/search/-/featured_1/?page=7,2026-09-25
Toyota,Toyota Hilux 2021 for sale in Islamabad,2021,Diesel,Automatic,2800cc,"92,000 km",11600000,PKR,https://cache4.pakwheels.com/ad_pictures/1512/toyota-hilux-revo-v-automatic-2-8-2021-151275938.jpg,Toyota Hilux 2021 for sale in Islamabad,7,https://www.pakwheels.com/used-cars/search/-/featured_1/?page=7,2026-09-25
KIA,KIA Sportage 2021 for sale in Rahim Yar Khan,2021,Petrol,Automatic,2000cc,"99,000 km",6480000,PKR,https://cache1.pakwheels.com/ad_pictures/1512/kia-sportage-awd-2021-151253068.jpg,KIA Sportage 2021 for sale in Rahim Yar Khan,7,https://www.pakwheels.com/used-cars/search/-/featured_1/?page=7,2026-09-25
BYD,BYD Shark 6 2026 for sale in Rawalpindi,2026,PHEV,Automatic,1500cc,25 km,20100000,PKR,https://cache1.pakwheels.com/ad_pictures/1512/byd-shark-premium-13-2026-151265824.jpg,BYD Shark 6 2026 for sale in Rawalpindi,7,https://www.pakwheels.com/used-cars/search/-/featured_1/?page=7,2026-09-25
Lexus,Lexus LX 2010 for sale in Karachi,2010,Petrol,Automatic,5700cc,"105,000 km",31000000,PKR,https://cache4.pakwheels.com/ad_pictures/1512/lexus-lx-series-lx570-2010-151260422.jpg,Lexus LX 2010 for sale in Karachi,7,https://www.pakwheels.com/used-cars/search/-/featured_1/?page=7,2026-09-25
Mercedes Benz,Mercedes Benz C Class 2013 for sale in Karachi,2013,Petrol,Automatic,1800cc,"104,548 km",6900000,PKR,https://cache2.pakwheels.com/ad_pictures/1512/mercedes-benz-c-class-c180-2-2013-151256747.jpg,Mercedes Benz C Class 2013 for sale in Karachi,7,https://www.pakwheels.com/used-cars/search/-/featured_1/?page=7,2026-09-25
KIA,KIA Stonic 2023 for sale in Karachi,2023,Petrol,Automatic,1400cc,"19,700 km",5000000,PKR,https://cache1.pakwheels.com/ad_pictures/1512/kia-stonic-ex-4-2023-151256235.jpg,KIA Stonic 2023 for sale in Karachi,7,https://www.pakwheels.com/used-cars/search/-/featured_1/?page=7,2026-09-25
Mercedes Benz,Mercedes Benz CLS Class 2006 for sale in Lahore,2006,Petrol,Automatic,3500cc,"175,000 km",8500000,PKR,https://cache2.pakwheels.com/ad_pictures/1503/mercedes-benz-cls-cls-350-2006-150354289.jpg,Mercedes Benz CLS Class 2006 for sale in Lahore,7,https://www.pakwheels.com/used-cars/search/-/featured_1/?page=7,2026-09-25
Toyota,Toyota Hilux 2023 for sale in Karachi,2023,Diesel,Automatic,2800cc,"38,000 km",13500000,PKR,https://cache4.pakwheels.com/ad_pictures/1493/toyota-hilux-revo-rocco-2023-149328455.jpg,Toyota Hilux 2023 for sale in Karachi,7,https://www.pakwheels.com/used-cars/search/-/featured_1/?page=7,2026-09-25
Suzuki,Suzuki Cultus 2015 for sale in Rawalpindi,2015,Petrol,Manual,1000cc,"149,000 km",1900000,PKR,https://cache4.pakwheels.com/ad_pictures/1512/suzuki-cultus-vxri-euro-ii-2015-151250964.jpg,Suzuki Cultus 2015 for sale in Rawalpindi,7,https://www.pakwheels.com/used-cars/search/-/featured_1/?page=7,2026-09-25
Toyota,Toyota Premio 2007 for sale in Islamabad,2007,Petrol,Automatic,1500cc,"160,000 km",4450000,PKR,https://cache3.pakwheels.com/ad_pictures/1512/toyota-premio-1-5l-f-2007-151251079.jpg,Toyota Premio 2007 for sale in Islamabad,7,https://www.pakwheels.com/used-cars/search/-/featured_1/?page=7,2026-09-25
Daihatsu,Daihatsu Mira 2010 for sale in Islamabad,2010,Petrol,Automatic,660cc,"145,000 km",1900000,PKR,https://cache4.pakwheels.com/ad_pictures/1493/daihatsu-mira-x-8-2010-149307789.jpg,Daihatsu Mira 2010 for sale in Islamabad,7,https://www.pakwheels.com/used-cars/search/-/featured_1/?page=7,2026-09-25
Toyota,Toyota Land Cruiser 2021 for sale in Lahore,2021,Petrol,Automatic,3500cc,"29,500 km",56500000,PKR,https://cache4.pakwheels.com/ad_pictures/1484/toyota-land-cruiser-zx-gasoline-3-5l-2021-148486618.jpg,Toyota Land Cruiser 2021 for sale in Lahore,7,https://www.pakwheels.com/used-cars/search/-/featured_1/?page=7,2026-09-25
Honda,Honda City 2026 for sale in Mandi bahauddin,2026,Petrol,Automatic,1500cc,688 km,6150000,PKR,https://cache1.pakwheels.com/ad_pictures/1512/honda-city-1-5l-aspire-cvt-2026-151241356.jpg,Honda City 2026 for sale in Mandi bahauddin,7,https://www.pakwheels.com/used-cars/search/-/featured_1/?page=7,2026-09-25
Toyota,Toyota Corolla Cross 2024 for sale in Quetta,2024,Hybrid,Automatic,1800cc,"38,000 km",8500000,PKR,https://cache1.pakwheels.com/ad_pictures/1512/toyota-corolla-cross-1-8-hev-x-2024-151240385.jpg,Toyota Corolla Cross 2024 for sale in Quetta,7,https://www.pakwheels.com/used-cars/search/-/featured_1/?page=7,2026-09-25
Toyota,Toyota Crown 2008 for sale in Islamabad,2008,Hybrid,Automatic,3500cc,"130,000 km",11000000,PKR,https://cache4.pakwheels.com/ad_pictures/1512/toyota-crown-2-5-athlete-anniversary-edition-moonroof-package-2008-151240652.jpg,Toyota Crown 2008 for sale in Islamabad,7,https://www.pakwheels.com/used-cars/search/-/featured_1/?page=7,2026-09-25
Honda,Honda Civic 2020 for sale in Sargodha,2020,Petrol,Automatic,1800cc,"135,000 km",5850000,PKR,https://cache2.pakwheels.com/ad_pictures/1512/honda-civic-oriel-1-8-i-vtec-cvt-2020-151238081.jpg,Honda Civic 2020 for sale in Sargodha,7,https://www.pakwheels.com/used-cars/search/-/featured_1/?page=7,2026-09-25
Honda,Honda Civic 2017 for sale in Lahore,2017,Petrol,Automatic,1500cc,"97,000 km",5265000,PKR,https://cache1.pakwheels.com/ad_pictures/1512/honda-civic-turbo-1-5-vtec-cvt-2017-151238814.jpg,Honda Civic 2017 for sale in Lahore,7,https://www.pakwheels.com/used-cars/search/-/featured_1/?page=7,2026-09-25
Toyota,Toyota Land Cruiser 2002 for sale in Islamabad,2002,Petrol,Automatic,4700cc,"280,000 km",8000000,PKR,https://cache4.pakwheels.com/ad_pictures/1512/toyota-land-cruiser-cygnus-2002-151237929.jpg,Toyota Land Cruiser 2002 for sale in Islamabad,7,https://www.pakwheels.com/used-cars/search/-/featured_1/?page=7,2026-09-25
Toyota,Toyota Tundra 2019 for sale in Lahore,2019,Petrol,Automatic,5700cc,"26,000 km",27500000,PKR,https://cache3.pakwheels.com/ad_pictures/1508/toyota-tundra-5-7i-2019-150811201.jpg,Toyota Tundra 2019 for sale in Lahore,7,https://www.pakwheels.com/used-cars/search/-/featured_1/?page=7,2026-09-25
Haval,Haval H6 2025 for sale in D.G.Khan,2025,PHEV,Automatic,1500cc,"19,000 km",13000000,PKR,https://cache3.pakwheels.com/ad_pictures/1508/haval-h6-phev-4-2025-150810791.jpg,Haval H6 2025 for sale in D.G.Khan,7,https://www.pakwheels.com/used-cars/search/-/featured_1/?page=7,2026-09-25
Toyota,Toyota Land Cruiser 2015 for sale in Bahawalpur,2015,Petrol,Automatic,4600cc,"91,000 km",31000000,PKR,https://cache4.pakwheels.com/ad_pictures/1508/toyota-land-cruiser-ax-2-2015-150807663.jpg,Toyota Land Cruiser 2015 for sale in Bahawalpur,7,https://www.pakwheels.com/used-cars/search/-/featured_1/?page=7,2026-09-25
Honda,Honda Civic 2026 for sale in Gujranwala,2026,Petrol,Automatic,1500cc,"15,000 km",9100000,PKR,https://cache2.pakwheels.com/ad_pictures/1508/honda-civic-oriel-2026-150801797.jpg,Honda Civic 2026 for sale in Gujranwala,7,https://www.pakwheels.com/used-cars/search/-/featured_1/?page=7,2026-09-25
Nissan,Nissan Ariya 2022 for sale in Gujranwala,2022,Electric,Automatic,0cc,"32,000 km",15500000,PKR,https://cache3.pakwheels.com/ad_pictures/1507/nissan-ariya-b6-e-4orce-limited-2022-150796488.jpg,Nissan Ariya 2022 for sale in Gujranwala,8,https://www.pakwheels.com/used-cars/search/-/featured_1/?page=8,2026-09-25
Haval,Haval H6 2023 for sale in Islamabad,2023,Hybrid,Automatic,1500cc,"38,000 km",9500000,PKR,https://cache4.pakwheels.com/ad_pictures/1507/haval-h6-hev-2023-150790932.jpg,Haval H6 2023 for sale in Islamabad,8,https://www.pakwheels.com/used-cars/search/-/featured_1/?page=8,2026-09-25
Toyota,Toyota Aqua 2020 for sale in Rawalpindi,2020,Hybrid,Automatic,1500cc,"120,000 km",5999999,PKR,https://cache3.pakwheels.com/ad_pictures/1507/toyota-aqua-s-15-2020-150774653.jpg,Toyota Aqua 2020 for sale in Rawalpindi,8,https://www.pakwheels.com/used-cars/search/-/featured_1/?page=8,2026-09-25
KIA,KIA Sportage 2021 for sale in Multan,2021,Petrol,Automatic,2000cc,"79,000 km",5700000,PKR,https://cache2.pakwheels.com/ad_pictures/1507/kia-sportage-alpha-2-2021-150778628.jpg,KIA Sportage 2021 for sale in Multan,8,https://www.pakwheels.com/used-cars/search/-/featured_1/?page=8,2026-09-25
Hyundai,Hyundai Tucson 2025 for sale in Sargodha,2025,Hybrid,Automatic,1600cc,"2,764 km",11900000,PKR,https://cache2.pakwheels.com/ad_pictures/1507/hyundai-tucson-hybrid-signature-2025-150737455.jpg,Hyundai Tucson 2025 for sale in Sargodha,8,https://www.pakwheels.com/used-cars/search/-/featured_1/?page=8,2026-09-25
Toyota,Toyota Land Cruiser 2020 for sale in Lahore,2020,Petrol,Automatic,4600cc,"29,000 km",43900000,PKR,https://cache3.pakwheels.com/ad_pictures/1487/toyota-land-cruiser-zx-2-2020-148797734.jpg,Toyota Land Cruiser 2020 for sale in Lahore,8,https://www.pakwheels.com/used-cars/search/-/featured_1/?page=8,2026-09-25
Toyota,Toyota Corolla 2019 for sale in Jhelum,2019,Petrol,Manual,1300cc,"38,000 km",5000000,PKR,https://cache1.pakwheels.com/ad_pictures/1507/toyota-corolla-gli-vvti-2019-150772021.jpg,Toyota Corolla 2019 for sale in Jhelum,8,https://www.pakwheels.com/used-cars/search/-/featured_1/?page=8,2026-09-25
Toyota,Toyota Corolla 2019 for sale in Faisalabad,2019,Petrol,Manual,1300cc,"100,000 km",4650000,PKR,https://cache3.pakwheels.com/ad_pictures/1505/toyota-corolla-gli-vvti-2019-150553178.jpg,Toyota Corolla 2019 for sale in Faisalabad,8,https://www.pakwheels.com/used-cars/search/-/featured_1/?page=8,2026-09-25
Honda,Honda Civic 2022 for sale in Karachi,2022,Petrol,Automatic,1500cc,"70,000 km",6850000,PKR,https://cache1.pakwheels.com/ad_pictures/1518/honda-civic-oriel-2022-151870495.jpg,Honda Civic 2022 for sale in Karachi,8,https://www.pakwheels.com/used-cars/search/-/featured_1/?page=8,2026-09-25
Toyota,Toyota Yaris 2021 for sale in Islamabad,2021,Petrol,Manual,1300cc,"43,000 km",4250000,PKR,,Toyota Yaris 2021 for sale in Islamabad,8,https://www.pakwheels.com/used-cars/search/-/featured_1/?page=8,2026-09-25
Changan,Changan Alsvin 2024 for sale in Lahore,2024,Petrol,Automatic,1500cc,"26,000 km",4400000,PKR,https://cache1.pakwheels.com/ad_pictures/1488/changan-alsvin-1-5l-dct-lumiere-2024-148891597.jpg,Changan Alsvin 2024 for sale in Lahore,8,https://www.pakwheels.com/used-cars/search/-/featured_1/?page=8,2026-09-25
Toyota,Toyota C-HR 2019 for sale in Karachi,2019,Hybrid,Automatic,1800cc,"74,000 km",7600000,PKR,https://cache1.pakwheels.com/ad_pictures/1502/toyota-c-hr-g-led-2019-150237846.jpg,Toyota C-HR 2019 for sale in Karachi,8,https://www.pakwheels.com/used-cars/search/-/featured_1/?page=8,2026-09-25
Toyota,Toyota Prado 2022 for sale in Islamabad,2022,Diesel,Automatic,2800cc,"32,500 km",34500000,PKR,https://cache1.pakwheels.com/ad_pictures/1522/toyota-prado-tx-l-2-8d-2022-152216980.jpg,Toyota Prado 2022 for sale in Islamabad,8,https://www.pakwheels.com/used-cars/search/-/featured_1/?page=8,2026-09-25
KIA,KIA Picanto 2019 for sale in Karachi,2019,Petrol,Manual,1000cc,"91,000 km",2065000,PKR,https://cache2.pakwheels.com/ad_pictures/1521/kia-picanto-1-0-mt-2019-152199485.jpg,KIA Picanto 2019 for sale in Karachi,8,https://www.pakwheels.com/used-cars/search/-/featured_1/?page=8,2026-09-25
Toyota,Toyota Vitz 2011 for sale in Multan,2011,Petrol,Automatic,1000cc,"65,040 km",2870000,PKR,https://cache4.pakwheels.com/ad_pictures/1521/toyota-vitz-1-0-f-limited-ii-2011-152154821.jpg,Toyota Vitz 2011 for sale in Multan,8,https://www.pakwheels.com/used-cars/search/-/featured_1/?page=8,2026-09-25
Honda,Honda Civic 2011 for sale in Sialkot,2011,Petrol,Manual,1800cc,"149,000 km",2350000,PKR,https://cache2.pakwheels.com/ad_pictures/1470/honda-civic-vti-1-8-i-vtec-2011-147094982.jpg,Honda Civic 2011 for sale in Sialkot,8,https://www.pakwheels.com/used-cars/search/-/featured_1/?page=8,2026-09-25
Toyota,Toyota Passo 2019 for sale in Rawalpindi,2019,Petrol,Automatic,1000cc,"88,000 km",3895000,PKR,,Toyota Passo 2019 for sale in Rawalpindi,8,https://www.pakwheels.com/used-cars/search/-/featured_1/?page=8,2026-09-25
Mitsubishi,Mitsubishi eK X 2021 for sale in Islamabad,2021,Petrol,Automatic,659cc,"32,000 km",3475000,PKR,https://cache2.pakwheels.com/ad_pictures/1516/mitsubishi-ek-x-sports-4-2021-151615186.jpg,Mitsubishi eK X 2021 for sale in Islamabad,8,https://www.pakwheels.com/used-cars/search/-/featured_1/?page=8,2026-09-25
Honda,Honda City 2016 for sale in Islamabad,2016,Petrol,Manual,1300cc,"103,000 km",3250000,PKR,https://cache2.pakwheels.com/ad_pictures/1522/honda-city-i-vtec-2-2016-152221898.jpg,Honda City 2016 for sale in Islamabad,8,https://www.pakwheels.com/used-cars/search/-/featured_1/?page=8,2026-09-25
Hyundai,Hyundai Sonata 2022 for sale in Islamabad,2022,Petrol,Automatic,2500cc,"44,000 km",8500000,PKR,https://cache2.pakwheels.com/ad_pictures/1522/hyundai-sonata-2-5-2-2022-152221851.jpg,Hyundai Sonata 2022 for sale in Islamabad,8,https://www.pakwheels.com/used-cars/search/-/featured_1/?page=8,2026-09-25
Toyota,Toyota Corolla 2021 for sale in Karachi,2021,Petrol,Automatic,1800cc,"58,500 km",6100000,PKR,https://cache1.pakwheels.com/ad_pictures/1522/toyota-corolla-altis-grande-x-cvt-i-1-8-beige-2021-152217799.jpg,Toyota Corolla 2021 for sale in Karachi,8,https://www.pakwheels.com/used-cars/search/-/featured_1/?page=8,2026-09-25
Honda,Honda Civic 2005 for sale in Peshawar,2005,Petrol,Manual,1600cc,"150,000 km",1975000,PKR,https://cache2.pakwheels.com/ad_pictures/1451/honda-civic-vti-oriel-2-2005-145132528.jpg,Honda Civic 2005 for sale in Peshawar,8,https://www.pakwheels.com/used-cars/search/-/featured_1/?page=8,2026-09-25
Toyota,Toyota Corolla 1999 for sale in Peshawar,1999,Petrol,Manual,1300cc,"150,000 km",1590000,PKR,https://cache1.pakwheels.com/ad_pictures/1514/toyota-corolla-xe-2-1999-151468544.jpg,Toyota Corolla 1999 for sale in Peshawar,8,https://www.pakwheels.com/used-cars/search/-/featured_1/?page=8,2026-09-25
Honda,Honda Civic 2021 for sale in Peshawar,2021,Petrol,Automatic,1800cc,"50,000 km",6590000,PKR,https://cache4.pakwheels.com/ad_pictures/1467/honda-civic-oriel-1-8-i-vtec-cvt-2021-146755253.jpg,Honda Civic 2021 for sale in Peshawar,8,https://www.pakwheels.com/used-cars/search/-/featured_1/?page=8,2026-09-25
Honda,Honda City 2016 for sale in Gujranwala,2016,Petrol,Automatic,1300cc,"65,000 km",2950000,PKR,https://cache1.pakwheels.com/ad_pictures/1522/honda-city-i-vtec-prosmatec-2016-152220820.jpg,Honda City 2016 for sale in Gujranwala,9,https://www.pakwheels.com/used-cars/search/-/featured_1/?page=9,2026-09-25
Honda,Honda BR-V 2021 for sale in Islamabad,2021,Petrol,Automatic,1500cc,"70,000 km",5125000,PKR,https://cache1.pakwheels.com/ad_pictures/1522/honda-br-v-i-vtec-s-2021-152221472.jpg,Honda BR-V 2021 for sale in Islamabad,9,https://www.pakwheels.com/used-cars/search/-/featured_1/?page=9,2026-09-25
Hyundai,Hyundai Sonata 2022 for sale in Peshawar,2022,Petrol,Automatic,2500cc,"60,000 km",7850000,PKR,https://cache1.pakwheels.com/ad_pictures/1511/hyundai-sonata-2-5-2-2022-151100854.jpg,Hyundai Sonata 2022 for sale in Peshawar,9,https://www.pakwheels.com/used-cars/search/-/featured_1/?page=9,2026-09-25
Honda,Honda Vezel 2014 for sale in Islamabad,2014,Hybrid,Automatic,1500cc,"115,000 km",4650000,PKR,https://cache4.pakwheels.com/ad_pictures/1522/honda-vezel-hybrid-z-2014-152220861.jpg,Honda Vezel 2014 for sale in Islamabad,9,https://www.pakwheels.com/used-cars/search/-/featured_1/?page=9,2026-09-25
Toyota,Toyota Corolla 1987 for sale in Rawalpindi,1987,Petrol,Automatic,1500cc,"123,156 km",1980000,PKR,https://cache2.pakwheels.com/ad_pictures/1522/toyota-corolla-se-limited-1987-152221015.jpg,Toyota Corolla 1987 for sale in Rawalpindi,9,https://www.pakwheels.com/used-cars/search/-/featured_1/?page=9,2026-09-25
Suzuki,Suzuki Wagon R 2018 for sale in Lahore,2018,Petrol,Manual,1000cc,"88,600 km",2425000,PKR,https://cache3.pakwheels.com/ad_pictures/1518/suzuki-wagon-r-vxl-2018-151874704.jpg,Suzuki Wagon R 2018 for sale in Lahore,9,https://www.pakwheels.com/used-cars/search/-/featured_1/?page=9,2026-09-25
Toyota,Toyota Corolla 2020 for sale in Lahore,2020,Petrol,Automatic,1600cc,"113,000 km",4850000,PKR,https://cache4.pakwheels.com/ad_pictures/1522/toyota-corolla-altis-1-6-automatic-2020-152220653.jpg,Toyota Corolla 2020 for sale in Lahore,9,https://www.pakwheels.com/used-cars/search/-/featured_1/?page=9,2026-09-25
Toyota,Toyota Corolla 2011 for sale in Karachi,2011,Petrol,Manual,1300cc,"117,000 km",2530000,PKR,https://cache1.pakwheels.com/ad_pictures/1520/toyota-corolla-gli-vvti-2011-152021872.jpg,Toyota Corolla 2011 for sale in Karachi,9,https://www.pakwheels.com/used-cars/search/-/featured_1/?page=9,2026-09-25
Daihatsu,Daihatsu Move 2012 for sale in Vehari,2012,Petrol,Automatic,660cc,"85,000 km",2075000,PKR,https://cache2.pakwheels.com/ad_pictures/1522/daihatsu-move-x-5-2012-152220676.jpg,Daihatsu Move 2012 for sale in Vehari,9,https://www.pakwheels.com/used-cars/search/-/featured_1/?page=9,2026-09-25
Hyundai,Hyundai Tucson 2022 for sale in Lahore,2022,Petrol,Automatic,2000cc,"57,000 km",7150000,PKR,https://cache4.pakwheels.com/ad_pictures/1510/hyundai-tucson-awd-a-t-ultimate-2022-151077893.jpg,Hyundai Tucson 2022 for sale in Lahore,9,https://www.pakwheels.com/used-cars/search/-/featured_1/?page=9,2026-09-25
Toyota,Toyota Passo 2022 for sale in Islamabad,2022,Petrol,Automatic,1000cc,"28,114 km",4445000,PKR,https://cache4.pakwheels.com/ad_pictures/1497/toyota-passo-x-s-2-2022-149741567.jpg,Toyota Passo 2022 for sale in Islamabad,9,https://www.pakwheels.com/used-cars/search/-/featured_1/?page=9,2026-09-25
Honda,Honda N Wgn 2022 for sale in Islamabad,2022,Petrol,Automatic,660cc,"70,330 km",3990000,PKR,https://cache2.pakwheels.com/ad_pictures/1507/honda-n-wgn-2022-150785421.jpg,Honda N Wgn 2022 for sale in Islamabad,9,https://www.pakwheels.com/used-cars/search/-/featured_1/?page=9,2026-09-25
Suzuki,Suzuki Cultus 2021 for sale in Lahore,2021,Petrol,Manual,1000cc,"31,200 km",3325000,PKR,https://cache4.pakwheels.com/ad_pictures/1522/suzuki-cultus-vxr-2021-152220419.jpg,Suzuki Cultus 2021 for sale in Lahore,9,https://www.pakwheels.com/used-cars/search/-/featured_1/?page=9,2026-09-25
Honda,Honda Civic 2017 for sale in Karachi,2017,Petrol,Automatic,1800cc,"78,000 km",4350000,PKR,https://cache4.pakwheels.com/ad_pictures/1519/honda-civic-oriel-1-8-i-vtec-cvt-2017-151947668.jpg,Honda Civic 2017 for sale in Karachi,9,https://www.pakwheels.com/used-cars/search/-/featured_1/?page=9,2026-09-25
Honda,Honda BR-V 2018 for sale in Karachi,2018,Petrol,Automatic,1500cc,"80,000 km",3675000,PKR,https://cache2.pakwheels.com/ad_pictures/1522/honda-br-v-i-vtec-s-2018-152218189.jpg,Honda BR-V 2018 for sale in Karachi,9,https://www.pakwheels.com/used-cars/search/-/featured_1/?page=9,2026-09-25
Suzuki,Suzuki Alto 2023 for sale in Multan,2023,Petrol,Automatic,660cc,"33,000 km",2985000,PKR,https://cache4.pakwheels.com/ad_pictures/1519/suzuki-alto-vxl-2-2023-151928239.jpg,Suzuki Alto 2023 for sale in Multan,9,https://www.pakwheels.com/used-cars/search/-/featured_1/?page=9,2026-09-25
Audi,Audi e-tron GT 2021 for sale in Lahore,2021,Electric,Automatic,0cc,"60,000 km",24500000,PKR,https://cache2.pakwheels.com/ad_pictures/1522/audi-e-tron-gt-standard-8-2021-152220342.jpg,Audi e-tron GT 2021 for sale in Lahore,9,https://www.pakwheels.com/used-cars/search/-/featured_1/?page=9,2026-09-25
Honda,Honda City 2017 for sale in Sialkot,2017,Petrol,Automatic,1300cc,"93,000 km",3650000,PKR,https://cache4.pakwheels.com/ad_pictures/1522/honda-city-aspire-1-3-i-vtec-prosmatec-2017-152220086.jpg,Honda City 2017 for sale in Sialkot,9,https://www.pakwheels.com/used-cars/search/-/featured_1/?page=9,2026-09-25
Daihatsu,Daihatsu Mira 2024 for sale in Abbottabad,2024,Petrol,Automatic,660cc,"35,000 km",3450000,PKR,https://cache3.pakwheels.com/ad_pictures/1521/daihatsu-mira-l-sa-iii-2024-152196426.jpg,Daihatsu Mira 2024 for sale in Abbottabad,9,https://www.pakwheels.com/used-cars/search/-/featured_1/?page=9,2026-09-25
Tank,Tank 500 2026 for sale in Mardan,2026,Hybrid,Automatic,2000cc,"2,900 km",22900000,PKR,https://cache3.pakwheels.com/ad_pictures/1522/tank-500-hev-6-2026-152220077.jpg,Tank 500 2026 for sale in Mardan,9,https://www.pakwheels.com/used-cars/search/-/featured_1/?page=9,2026-09-25
Toyota,Toyota Raize 2021 for sale in Karachi,2021,Petrol,Automatic,1000cc,"58,175 km",5600000,PKR,https://cache3.pakwheels.com/ad_pictures/1516/toyota-raize-g-65-2021-151641518.jpg,Toyota Raize 2021 for sale in Karachi,9,https://www.pakwheels.com/used-cars/search/-/featured_1/?page=9,2026-09-25
Suzuki,Suzuki Alto 2025 for sale in Lahore,2025,Petrol,Automatic,660cc,"15,000 km",3270000,PKR,https://cache4.pakwheels.com/ad_pictures/1522/suzuki-alto-vxr-ags-upgraded-2025-152220044.jpg,Suzuki Alto 2025 for sale in Lahore,9,https://www.pakwheels.com/used-cars/search/-/featured_1/?page=9,2026-09-25
Honda,Honda Civic 2025 for sale in Multan,2025,Petrol,Automatic,1500cc,"20,500 km",8300000,PKR,https://cache3.pakwheels.com/ad_pictures/1488/honda-civic-oriel-2025-148849010.jpg,Honda Civic 2025 for sale in Multan,9,https://www.pakwheels.com/used-cars/search/-/featured_1/?page=9,2026-09-25
Toyota,Toyota Fortuner 2022 for sale in Multan,2022,Diesel,Automatic,2800cc,"68,000 km",16500000,PKR,https://cache3.pakwheels.com/ad_pictures/1508/toyota-fortuner-legender-2022-150865831.jpg,Toyota Fortuner 2022 for sale in Multan,9,https://www.pakwheels.com/used-cars/search/-/featured_1/?page=9,2026-09-25
Toyota,Toyota Fortuner 2022 for sale in Multan,2022,Diesel,Automatic,2800cc,"48,000 km",16000000,PKR,https://cache1.pakwheels.com/ad_pictures/1508/toyota-fortuner-2-8-sigma-2022-150865538.jpg,Toyota Fortuner 2022 for sale in Multan,9,https://www.pakwheels.com/used-cars/search/-/featured_1/?page=9,2026-09-25
Honda,Honda BR-V 2021 for sale in Multan,2021,Petrol,Automatic,1500cc,"53,000 km",5100000,PKR,https://cache3.pakwheels.com/ad_pictures/1488/honda-br-v-i-vtec-s-2021-148849365.jpg,Honda BR-V 2021 for sale in Multan,10,https://www.pakwheels.com/used-cars/search/-/featured_1/?page=10,2026-09-25
Honda,Honda Civic 2021 for sale in Multan,2021,Petrol,Automatic,1800cc,"42,000 km",6600000,PKR,https://cache4.pakwheels.com/ad_pictures/1488/honda-civic-oriel-1-8-i-vtec-cvt-2021-148849193.jpg,Honda Civic 2021 for sale in Multan,10,https://www.pakwheels.com/used-cars/search/-/featured_1/?page=10,2026-09-25
Toyota,Toyota Corolla 2022 for sale in Karachi,2022,Petrol,Automatic,1600cc,"68,000 km",4925000,PKR,https://cache1.pakwheels.com/ad_pictures/1522/toyota-corolla-altis-x-automatic-1-6-2022-152219743.jpg,Toyota Corolla 2022 for sale in Karachi,10,https://www.pakwheels.com/used-cars/search/-/featured_1/?page=10,2026-09-25
Suzuki,Suzuki Cultus 2021 for sale in Multan,2021,Petrol,Manual,1000cc,"68,000 km",3400000,PKR,https://cache4.pakwheels.com/ad_pictures/1488/suzuki-cultus-vxl-2-2021-148849125.jpg,Suzuki Cultus 2021 for sale in Multan,10,https://www.pakwheels.com/used-cars/search/-/featured_1/?page=10,2026-09-25
Honda,Honda City 2023 for sale in Multan,2023,Petrol,Automatic,1200cc,"42,000 km",4550000,PKR,https://cache1.pakwheels.com/ad_pictures/1510/honda-city-1-2l-cvt-2023-151084424.jpg,Honda City 2023 for sale in Multan,10,https://www.pakwheels.com/used-cars/search/-/featured_1/?page=10,2026-09-25
Honda,Honda Civic 2010 for sale in Karachi,2010,Petrol,Automatic,1800cc,"102,000 km",2595000,PKR,https://cache3.pakwheels.com/ad_pictures/1514/honda-civic-vti-1-8-i-vtec-oriel-prosmatec-2010-151498367.jpg,Honda Civic 2010 for sale in Karachi,10,https://www.pakwheels.com/used-cars/search/-/featured_1/?page=10,2026-09-25
Suzuki,Suzuki Every Wagon 2020 for sale in Karachi,2020,Petrol,Automatic,660cc,"67,000 km",3250000,PKR,https://cache2.pakwheels.com/ad_pictures/1522/suzuki-every-wagon-pz-turbo-special-2020-152219845.jpg,Suzuki Every Wagon 2020 for sale in Karachi,10,https://www.pakwheels.com/used-cars/search/-/featured_1/?page=10,2026-09-25
Toyota,Toyota Vitz 2018 for sale in Karachi,2018,Petrol,Automatic,1000cc,"80,000 km",3690000,PKR,https://cache1.pakwheels.com/ad_pictures/1522/toyota-vitz-f-safety-1-0-2018-152219812.jpg,Toyota Vitz 2018 for sale in Karachi,10,https://www.pakwheels.com/used-cars/search/-/featured_1/?page=10,2026-09-25
Haval,Haval H6 2025 for sale in Karachi,2025,Hybrid,Automatic,1500cc,"11,000 km",11200000,PKR,https://cache2.pakwheels.com/ad_pictures/1522/haval-h6-hev-2025-152219738.jpg,Haval H6 2025 for sale in Karachi,10,https://www.pakwheels.com/used-cars/search/-/featured_1/?page=10,2026-09-25
Honda,Honda Civic 2017 for sale in Karachi,2017,Petrol,Automatic,1800cc,"85,000 km",4275000,PKR,https://cache1.pakwheels.com/ad_pictures/1518/honda-civic-oriel-1-8-i-vtec-cvt-2017-151894772.jpg,Honda Civic 2017 for sale in Karachi,10,https://www.pakwheels.com/used-cars/search/-/featured_1/?page=10,2026-09-25
Toyota,Toyota Fortuner 2021 for sale in Karachi,2021,Petrol,Automatic,2700cc,"26,000 km",12750000,PKR,https://cache1.pakwheels.com/ad_pictures/1509/toyota-fortuner-2-7-v-2021-150938491.jpg,Toyota Fortuner 2021 for sale in Karachi,10,https://www.pakwheels.com/used-cars/search/-/featured_1/?page=10,2026-09-25
Honda,Honda City 2015 for sale in Rawalpindi,2015,Petrol,Manual,1500cc,"127,000 km",3525000,PKR,https://cache3.pakwheels.com/ad_pictures/1521/honda-city-aspire-2-2015-152192846.jpg,Honda City 2015 for sale in Rawalpindi,10,https://www.pakwheels.com/used-cars/search/-/featured_1/?page=10,2026-09-25
Toyota,Toyota Fortuner 2022 for sale in Karachi,2022,Diesel,Automatic,2800cc,"8,000 km",16200000,PKR,https://cache2.pakwheels.com/ad_pictures/1522/toyota-fortuner-2-8-sigma-2022-152219514.jpg,Toyota Fortuner 2022 for sale in Karachi,10,https://www.pakwheels.com/used-cars/search/-/featured_1/?page=10,2026-09-25
KIA,KIA Stonic 2022 for sale in Islamabad,2022,Petrol,Automatic,1400cc,"83,000 km",4350000,PKR,https://cache4.pakwheels.com/ad_pictures/1522/kia-stonic-ex-4-2022-152219469.jpg,KIA Stonic 2022 for sale in Islamabad,10,https://www.pakwheels.com/used-cars/search/-/featured_1/?page=10,2026-09-25
Honda,Honda CR-V 2014 for sale in Islamabad,2014,Petrol,Automatic,2400cc,"82,000 km",4500000,PKR,https://cache1.pakwheels.com/ad_pictures/1498/honda-cr-v-g-2-4-2014-149824241.jpg,Honda CR-V 2014 for sale in Islamabad,10,https://www.pakwheels.com/used-cars/search/-/featured_1/?page=10,2026-09-25
Toyota,Toyota Estima 2002 for sale in Islamabad,2002,Hybrid,Automatic,2400cc,"159,000 km",3800000,PKR,https://cache4.pakwheels.com/ad_pictures/1507/toyota-estima-2002-150721126.jpg,Toyota Estima 2002 for sale in Islamabad,10,https://www.pakwheels.com/used-cars/search/-/featured_1/?page=10,2026-09-25
Toyota,Toyota Prado 2004 for sale in Sialkot,2004,Petrol,Automatic,2700cc,"138,000 km",8149000,PKR,https://cache4.pakwheels.com/ad_pictures/1522/toyota-prado-tx-4-2004-152218929.jpg,Toyota Prado 2004 for sale in Sialkot,10,https://www.pakwheels.com/used-cars/search/-/featured_1/?page=10,2026-09-25
Suzuki,Suzuki Fronx 2026 for sale in Lahore,2026,Hybrid,Automatic,1500cc,20 km,6380000,PKR,https://cache4.pakwheels.com/ad_pictures/1499/suzuki-fronx-glx-a-t-2026-149947365.jpg,Suzuki Fronx 2026 for sale in Lahore,10,https://www.pakwheels.com/used-cars/search/-/featured_1/?page=10,2026-09-25
Honda,Honda City 2016 for sale in Lahore,2016,Petrol,Automatic,1300cc,"139,000 km",3175000,PKR,https://cache3.pakwheels.com/ad_pictures/1507/honda-city-i-vtec-prosmatec-2016-150752462.jpg,Honda City 2016 for sale in Lahore,10,https://www.pakwheels.com/used-cars/search/-/featured_1/?page=10,2026-09-25
Toyota,Toyota Corolla 2022 for sale in Lahore,2022,Petrol,Automatic,1600cc,"41,000 km",6175000,PKR,https://cache1.pakwheels.com/ad_pictures/1522/toyota-corolla-altis-1-6-x-cvt-i-special-edition-2022-152219890.jpg,Toyota Corolla 2022 for sale in Lahore,10,https://www.pakwheels.com/used-cars/search/-/featured_1/?page=10,2026-09-25
Suzuki,Suzuki Swift 2014 for sale in Karachi,2014,Petrol,Automatic,1300cc,"150,000 km",2275000,PKR,https://cache1.pakwheels.com/ad_pictures/1522/suzuki-swift-1-3-dlx-automatic-2014-152218791.jpg,Suzuki Swift 2014 for sale in Karachi,10,https://www.pakwheels.com/used-cars/search/-/featured_1/?page=10,2026-09-25
Suzuki,Suzuki Wagon R 2019 for sale in Karachi,2019,Petrol,Manual,1000cc,"134,000 km",2150000,PKR,https://cache2.pakwheels.com/ad_pictures/1522/suzuki-wagon-r-vxr-2019-152218459.jpg,Suzuki Wagon R 2019 for sale in Karachi,10,https://www.pakwheels.com/used-cars/search/-/featured_1/?page=10,2026-09-25
Toyota,Toyota Vitz 2012 for sale in Islamabad,2012,Petrol,Automatic,1000cc,"117,000 km",2870000,PKR,https://cache3.pakwheels.com/ad_pictures/1516/toyota-vitz-1-0-f-2012-151676788.jpg,Toyota Vitz 2012 for sale in Islamabad,10,https://www.pakwheels.com/used-cars/search/-/featured_1/?page=10,2026-09-25
Toyota,Toyota Aqua 2017 for sale in Rawalpindi,2017,Hybrid,Automatic,1500cc,"106,000 km",4775000,PKR,https://cache3.pakwheels.com/ad_pictures/1508/toyota-aqua-s-15-2017-150826741.jpg,Toyota Aqua 2017 for sale in Rawalpindi,10,https://www.pakwheels.com/used-cars/search/-/featured_1/?page=10,2026-09-25
Honda,Honda City 2021 for sale in Islamabad,2021,Petrol,Manual,1300cc,"95,000 km",3895000,PKR,https://cache2.pakwheels.com/ad_pictures/1518/honda-city-i-vtec-2-2021-151848657.jpg,Honda City 2021 for sale in Islamabad,10,https://www.pakwheels.com/used-cars/search/-/featured_1/?page=10,2026-09-25
